convenience_store,fips_state_county_tract_code,gas_station,meal_delivery,meal_takeaway,park,subway_station,supermarket,train_station
6.0,36005040702,4.0,5.0,5.0,23.0,4.0,5.0,2.0
12.0,36005040800,6.0,2.0,2.0,4.0,3.0,2.0,1.0
3.0,36005040900,4.0,2.0,2.0,8.0,2.0,6.0,0.0
5.0,36005041100,5.0,2.0,3.0,7.0,3.0,3.0,0.0
9.0,36005041300,7.0,5.0,4.0,7.0,4.0,5.0,1.0
6.0,36005041400,4.0,2.0,5.0,3.0,2.0,1.0,1.0
5.0,36005041500,7.0,5.0,4.0,12.0,3.0,6.0,1.0
10.0,36005041800,5.0,5.0,5.0,3.0,2.0,3.0,1.0
12.0,36005041900,5.0,6.0,4.0,9.0,4.0,7.0,1.0
12.0,36005042000,6.0,3.0,1.0,4.0,2.0,3.0,1.0
7.0,36005042100,1.0,4.0,4.0,9.0,3.0,6.0,0.0
9.0,36005042200,1.0,3.0,1.0,2.0,2.0,5.0,0.0
10.0,36005042300,6.0,7.0,4.0,10.0,2.0,7.0,1.0
3.0,36005042400,3.0,2.0,0.0,2.0,1.0,3.0,0.0
8.0,36005042500,4.0,3.0,3.0,17.0,1.0,5.0,1.0
3.0,36005042600,3.0,0.0,0.0,2.0,1.0,2.0,0.0
3.0,36005042800,3.0,1.0,2.0,3.0,0.0,2.0,0.0
8.0,36005042901,7.0,5.0,3.0,11.0,1.0,5.0,1.0
8.0,36005042902,7.0,6.0,4.0,9.0,2.0,6.0,1.0
5.0,36005043000,1.0,3.0,2.0,2.0,2.0,4.0,0.0
7.0,36005043100,0.0,4.0,3.0,8.0,2.0,5.0,1.0
10.0,36005043400,1.0,3.0,4.0,2.0,2.0,3.0,1.0
0.0,36005043500,2.0,4.0,0.0,7.0,0.0,2.0,0.0
7.0,36005043600,2.0,2.0,4.0,2.0,2.0,2.0,0.0
4.0,36005044200,2.0,0.0,2.0,1.0,1.0,2.0,0.0
1.0,36005044400,3.0,0.0,2.0,2.0,0.0,2.0,0.0
2.0,36005044800,4.0,0.0,0.0,2.0,0.0,1.0,0.0
5.0,36005044901,6.0,2.0,2.0,3.0,0.0,0.0,0.0
5.0,36005044902,9.0,3.0,3.0,5.0,0.0,0.0,1.0
6.0,36005045101,7.0,4.0,5.0,3.0,1.0,1.0,1.0
7.0,36005045102,11.0,3.0,3.0,5.0,0.0,0.0,1.0
1.0,36005045600,4.0,0.0,5.0,1.0,1.0,0.0,0.0
2.0,36005045800,5.0,1.0,0.0,4.0,0.0,3.0,0.0
5.0,36005046000,5.0,0.0,1.0,5.0,1.0,3.0,0.0
5.0,36005046201,0.0,0.0,5.0,5.0,0.0,1.0,0.0
6.0,36005046202,6.0,0.0,3.0,5.0,1.0,2.0,0.0
2.0,36005048400,4.0,0.0,1.0,2.0,1.0,1.0,0.0
0.0,36005050400,0.0,0.0,0.0,4.0,0.0,0.0,0.0
0.0,36005051600,1.0,0.0,0.0,6.0,0.0,0.0,0.0
5.0,36047000100,0.0,7.0,13.0,56.0,5.0,4.0,0.0
10.0,36047000200,4.0,4.0,3.0,6.0,2.0,8.0,0.0
7.0,36047000301,0.0,2.0,8.0,49.0,4.0,4.0,0.0
11.0,36047000501,0.0,8.0,18.0,54.0,8.0,6.0,0.0
12.0,36047000502,1.0,9.0,18.0,48.0,7.0,5.0,0.0
10.0,36047000700,0.0,11.0,9.0,35.0,2.0,5.0,0.0
15.0,36047000900,0.0,11.0,22.0,23.0,8.0,7.0,0.0
16.0,36047001100,1.0,11.0,21.0,24.0,11.0,6.0,0.0
9.0,36047001300,1.0,6.0,20.0,48.0,9.0,5.0,0.0
10.0,36047001500,1.0,7.0,12.0,18.0,8.0,3.0,0.0
1.0,36047001800,3.0,3.0,3.0,8.0,0.0,2.0,0.0
6.0,36005022404,5.0,3.0,6.0,6.0,3.0,4.0,0.0
13.0,36005022500,4.0,0.0,6.0,24.0,2.0,7.0,0.0
12.0,36005022701,10.0,3.0,6.0,27.0,5.0,9.0,0.0
13.0,36005022702,7.0,3.0,5.0,23.0,5.0,10.0,0.0
18.0,36005022703,11.0,3.0,7.0,23.0,5.0,9.0,0.0
10.0,36005022800,3.0,2.0,4.0,6.0,3.0,4.0,0.0
17.0,36005022901,10.0,2.0,7.0,27.0,5.0,8.0,1.0
13.0,36005022902,9.0,0.0,6.0,24.0,3.0,8.0,1.0
7.0,36005023000,3.0,2.0,6.0,3.0,2.0,4.0,0.0
12.0,36005023100,9.0,1.0,8.0,24.0,3.0,13.0,1.0
3.0,36005023200,4.0,2.0,3.0,4.0,2.0,4.0,0.0
16.0,36005023301,9.0,4.0,10.0,24.0,4.0,16.0,0.0
14.0,36005023302,8.0,2.0,8.0,25.0,4.0,18.0,1.0
10.0,36005023501,8.0,3.0,7.0,23.0,5.0,20.0,1.0
15.0,36005023502,11.0,3.0,6.0,25.0,4.0,18.0,0.0
3.0,36005023600,3.0,1.0,2.0,4.0,2.0,3.0,0.0
14.0,36005023702,6.0,5.0,7.0,23.0,4.0,13.0,1.0
15.0,36005023703,6.0,6.0,6.0,21.0,6.0,14.0,1.0
9.0,36005023704,5.0,5.0,6.0,25.0,6.0,19.0,0.0
5.0,36005023800,5.0,2.0,3.0,6.0,2.0,6.0,0.0
14.0,36005023900,4.0,6.0,6.0,15.0,5.0,16.0,0.0
3.0,36005024000,6.0,2.0,3.0,9.0,1.0,2.0,0.0
6.0,36005024100,8.0,5.0,7.0,20.0,4.0,22.0,0.0
9.0,36005024300,4.0,5.0,6.0,25.0,4.0,12.0,1.0
3.0,36005024400,5.0,3.0,3.0,4.0,0.0,7.0,0.0
5.0,36005024501,3.0,3.0,5.0,22.0,4.0,5.0,1.0
6.0,36005024502,3.0,5.0,3.0,13.0,1.0,12.0,1.0
7.0,36005024600,4.0,2.0,3.0,4.0,2.0,4.0,0.0
2.0,36005024700,2.0,3.0,2.0,14.0,0.0,3.0,1.0
7.0,36005024800,6.0,2.0,3.0,4.0,3.0,1.0,0.0
3.0,36005024900,3.0,5.0,5.0,13.0,1.0,5.0,1.0
6.0,36005025000,5.0,2.0,1.0,3.0,2.0,1.0,0.0
5.0,36005025100,2.0,4.0,4.0,18.0,5.0,16.0,1.0
5.0,36005025200,4.0,2.0,3.0,1.0,0.0,3.0,0.0
14.0,36005025300,2.0,4.0,4.0,15.0,5.0,14.0,1.0
4.0,36005025400,5.0,2.0,3.0,0.0,0.0,4.0,0.0
10.0,36005025500,4.0,4.0,2.0,13.0,2.0,13.0,1.0
3.0,36005025600,4.0,2.0,4.0,4.0,0.0,6.0,0.0
10.0,36005025700,3.0,0.0,3.0,10.0,1.0,5.0,2.0
11.0,36005026100,6.0,4.0,7.0,11.0,3.0,12.0,0.0
13.0,36005026300,6.0,2.0,5.0,15.0,5.0,9.0,1.0
12.0,36005026400,3.0,4.0,4.0,5.0,3.0,1.0,0.0
12.0,36005026500,5.0,6.0,5.0,15.0,5.0,14.0,0.0
6.0,36005026601,1.0,4.0,3.0,2.0,3.0,1.0,0.0
6.0,36005026602,1.0,4.0,3.0,3.0,2.0,1.0,0.0
8.0,36005026701,3.0,4.0,6.0,15.0,3.0,8.0,0.0
5.0,36005026702,3.0,6.0,7.0,14.0,2.0,11.0,0.0
10.0,36005026900,9.0,2.0,5.0,11.0,2.0,5.0,1.0
10.0,36005027300,4.0,7.0,6.0,13.0,3.0,9.0,0.0
2.0,36005027401,4.0,4.0,3.0,3.0,0.0,0.0,0.0
6.0,36047002000,3.0,4.0,6.0,5.0,2.0,12.0,0.0
2.0,36047002100,0.0,2.0,3.0,9.0,3.0,2.0,0.0
9.0,36047002200,6.0,3.0,5.0,4.0,2.0,7.0,0.0
4.0,36047002300,1.0,4.0,7.0,18.0,4.0,4.0,0.0
11.0,36047002901,1.0,4.0,13.0,18.0,1.0,3.0,0.0
7.0,36047003000,4.0,4.0,4.0,6.0,1.0,3.0,0.0
13.0,36047003100,1.0,5.0,17.0,20.0,9.0,7.0,1.0
13.0,36047003300,2.0,5.0,13.0,22.0,8.0,6.0,1.0
3.0,36047003400,0.0,3.0,0.0,6.0,0.0,2.0,0.0
10.0,36047003500,1.0,6.0,13.0,25.0,8.0,7.0,1.0
9.0,36047003600,2.0,5.0,5.0,8.0,2.0,4.0,0.0
18.0,36047003700,2.0,10.0,22.0,20.0,10.0,6.0,0.0
2.0,36047003800,0.0,5.0,4.0,8.0,0.0,2.0,0.0
13.0,36047003900,3.0,7.0,13.0,19.0,8.0,6.0,1.0
14.0,36047004100,3.0,11.0,16.0,19.0,9.0,4.0,1.0
18.0,36047004300,0.0,13.0,17.0,18.0,8.0,4.0,0.0
0.0,36047004400,0.0,5.0,5.0,5.0,2.0,0.0,0.0
12.0,36047004500,0.0,11.0,15.0,20.0,4.0,5.0,0.0
4.0,36047004600,1.0,9.0,10.0,6.0,0.0,2.0,0.0
10.0,36047004700,0.0,7.0,12.0,22.0,0.0,2.0,0.0
8.0,36047004900,0.0,11.0,12.0,19.0,4.0,5.0,0.0
10.0,36047005000,0.0,3.0,4.0,2.0,1.0,1.0,0.0
3.0,36047005100,4.0,2.0,7.0,13.0,1.0,2.0,0.0
4.0,36047005201,0.0,3.0,7.0,2.0,2.0,2.0,0.0
5.0,36047005202,0.0,4.0,1.0,6.0,2.0,2.0,0.0
0.0,36047005300,2.0,4.0,5.0,14.0,1.0,2.0,0.0
16.0,36047005400,4.0,8.0,4.0,9.0,1.0,3.0,0.0
6.0,36047005601,4.0,5.0,2.0,9.0,1.0,1.0,0.0
8.0,36047005602,4.0,1.0,4.0,9.0,1.0,2.0,0.0
18.0,36047005800,1.0,8.0,7.0,6.0,2.0,4.0,0.0
1.0,36047005900,4.0,5.0,5.0,19.0,0.0,1.0,0.0
16.0,36047006000,1.0,11.0,11.0,7.0,2.0,6.0,0.0
13.0,36047006200,0.0,11.0,13.0,2.0,2.0,6.0,0.0
6.0,36047006300,4.0,7.0,5.0,18.0,1.0,2.0,0.0
16.0,36047006400,2.0,9.0,11.0,1.0,2.0,6.0,0.0
4.0,36047006500,8.0,5.0,6.0,21.0,2.0,1.0,0.0
11.0,36047006600,2.0,7.0,8.0,3.0,2.0,5.0,0.0
8.0,36047006700,3.0,6.0,6.0,19.0,2.0,4.0,0.0
13.0,36047006800,5.0,5.0,7.0,7.0,2.0,2.0,0.0
8.0,36047006900,2.0,12.0,12.0,14.0,3.0,4.0,0.0
15.0,36047007000,6.0,6.0,3.0,5.0,2.0,3.0,0.0
15.0,36047007100,5.0,6.0,11.0,21.0,4.0,4.0,1.0
12.0,36047007200,9.0,3.0,5.0,4.0,3.0,6.0,0.0
14.0,36047007400,9.0,4.0,7.0,3.0,2.0,9.0,0.0
7.0,36047007500,3.0,7.0,9.0,13.0,3.0,1.0,0.0
11.0,36047007600,5.0,5.0,12.0,1.0,2.0,9.0,0.0
4.0,36047007700,7.0,4.0,9.0,14.0,2.0,1.0,0.0
7.0,36047007800,3.0,7.0,10.0,3.0,3.0,7.0,0.0
10.0,36047008000,1.0,4.0,10.0,5.0,2.0,6.0,0.0
10.0,36047008200,4.0,4.0,9.0,12.0,3.0,8.0,0.0
6.0,36047008400,5.0,4.0,9.0,10.0,2.0,7.0,0.0
2.0,36047008500,7.0,4.0,7.0,14.0,0.0,1.0,0.0
10.0,36047008600,2.0,5.0,10.0,6.0,2.0,10.0,0.0
10.0,36047008800,3.0,3.0,10.0,8.0,2.0,6.0,0.0
9.0,36047009000,2.0,2.0,6.0,4.0,1.0,6.0,0.0
6.0,36047009200,2.0,4.0,5.0,6.0,2.0,4.0,0.0
6.0,36047009400,0.0,3.0,5.0,1.0,2.0,4.0,0.0
11.0,36047009600,1.0,4.0,12.0,3.0,2.0,8.0,0.0
8.0,36047009800,0.0,2.0,11.0,1.0,2.0,13.0,0.0
12.0,36047010000,1.0,5.0,10.0,0.0,3.0,11.0,0.0
5.0,36047010100,7.0,3.0,7.0,9.0,2.0,4.0,0.0
13.0,36047010200,6.0,4.0,6.0,2.0,3.0,11.0,0.0
10.0,36047010400,7.0,5.0,3.0,4.0,2.0,11.0,0.0
9.0,36047010600,0.0,3.0,7.0,2.0,2.0,11.0,0.0
9.0,36047010800,0.0,4.0,5.0,2.0,1.0,9.0,0.0
8.0,36047011000,2.0,0.0,3.0,5.0,2.0,3.0,0.0
9.0,36047011200,2.0,2.0,3.0,7.0,2.0,5.0,0.0
8.0,36047011400,2.0,5.0,3.0,6.0,2.0,6.0,0.0
8.0,36047011600,4.0,3.0,5.0,2.0,2.0,10.0,0.0
7.0,36047011700,3.0,9.0,8.0,10.0,3.0,7.0,0.0
16.0,36047011800,6.0,2.0,6.0,5.0,2.0,12.0,0.0
5.0,36047011900,3.0,8.0,13.0,18.0,4.0,6.0,0.0
8.0,36047012000,7.0,1.0,4.0,5.0,2.0,12.0,0.0
4.0,36047012100,3.0,10.0,10.0,17.0,4.0,9.0,0.0
14.0,36047012200,12.0,4.0,8.0,5.0,4.0,5.0,0.0
19.0,36047012600,10.0,2.0,7.0,8.0,3.0,8.0,0.0
15.0,36047012700,5.0,7.0,10.0,19.0,6.0,4.0,1.0
9.0,36047012801,9.0,1.0,3.0,6.0,2.0,8.0,0.0
10.0,36047012901,4.0,7.0,14.0,23.0,7.0,8.0,1.0
13.0,36047012902,3.0,7.0,14.0,20.0,6.0,9.0,1.0
13.0,36047013000,7.0,6.0,10.0,6.0,3.0,6.0,0.0
11.0,36047013100,4.0,9.0,16.0,20.0,3.0,7.0,1.0
11.0,36047013200,6.0,1.0,2.0,9.0,2.0,6.0,0.0
8.0,36047013300,4.0,11.0,17.0,15.0,4.0,10.0,0.0
12.0,36047013400,8.0,7.0,11.0,10.0,1.0,7.0,0.0
10.0,36047013500,3.0,14.0,13.0,18.0,4.0,9.0,0.0
12.0,36047013600,2.0,7.0,12.0,4.0,2.0,5.0,0.0
8.0,36047013700,2.0,15.0,17.0,10.0,4.0,9.0,0.0
14.0,36047013800,2.0,10.0,15.0,6.0,2.0,6.0,0.0
8.0,36047013900,1.0,12.0,15.0,13.0,4.0,10.0,0.0
10.0,36047014000,5.0,5.0,8.0,9.0,2.0,3.0,0.0
12.0,36047014100,5.0,11.0,16.0,10.0,4.0,10.0,0.0
14.0,36047014200,6.0,6.0,10.0,9.0,1.0,1.0,0.0
12.0,36047014300,5.0,10.0,10.0,11.0,2.0,5.0,0.0
6.0,36047014500,5.0,7.0,9.0,9.0,2.0,5.0,0.0
8.0,36047014700,2.0,8.0,11.0,11.0,2.0,7.0,0.0
2.0,36047014800,7.0,1.0,6.0,5.0,0.0,2.0,0.0
11.0,36047014900,0.0,11.0,12.0,11.0,3.0,11.0,0.0
7.0,36047015000,5.0,2.0,4.0,2.0,0.0,3.0,0.0
10.0,36047015100,0.0,13.0,11.0,12.0,2.0,10.0,0.0
11.0,36047082200,5.0,24.0,10.0,10.0,3.0,13.0,0.0
10.0,36047082400,6.0,10.0,7.0,5.0,3.0,7.0,0.0
7.0,36047082600,6.0,18.0,8.0,4.0,3.0,10.0,0.0
8.0,36047082800,4.0,17.0,4.0,4.0,2.0,5.0,0.0
7.0,36047083000,2.0,10.0,3.0,2.0,2.0,5.0,0.0
4.0,36047083200,2.0,5.0,2.0,2.0,1.0,6.0,0.0
2.0,36047083400,2.0,5.0,1.0,2.0,0.0,4.0,0.0
3.0,36047083600,6.0,5.0,1.0,3.0,0.0,3.0,0.0
6.0,36047083800,4.0,4.0,2.0,4.0,0.0,3.0,0.0
5.0,36047084000,4.0,4.0,2.0,2.0,0.0,3.0,0.0
6.0,36047084600,2.0,4.0,2.0,4.0,0.0,3.0,0.0
4.0,36047084800,3.0,5.0,3.0,3.0,0.0,4.0,0.0
8.0,36047085000,2.0,4.0,2.0,1.0,0.0,6.0,0.0
9.0,36047085200,1.0,10.0,3.0,1.0,0.0,6.0,0.0
6.0,36047085400,1.0,9.0,7.0,2.0,0.0,5.0,0.0
11.0,36047085600,2.0,12.0,5.0,1.0,2.0,9.0,0.0
5.0,36047085800,3.0,9.0,1.0,1.0,0.0,6.0,0.0
9.0,36047086000,4.0,8.0,2.0,1.0,0.0,7.0,0.0
6.0,36047086200,5.0,8.0,3.0,3.0,0.0,6.0,0.0
7.0,36047086400,3.0,10.0,2.0,6.0,0.0,5.0,0.0
6.0,36047086600,3.0,7.0,4.0,5.0,0.0,6.0,0.0
3.0,36047086800,4.0,9.0,3.0,1.0,0.0,7.0,0.0
6.0,36047087000,4.0,10.0,3.0,0.0,0.0,7.0,0.0
6.0,36047087200,2.0,13.0,2.0,1.0,0.0,6.0,0.0
4.0,36047087401,4.0,11.0,4.0,2.0,0.0,9.0,0.0
3.0,36047087600,3.0,11.0,4.0,2.0,0.0,11.0,0.0
3.0,36047087800,4.0,11.0,2.0,5.0,0.0,8.0,0.0
2.0,36047088000,4.0,12.0,2.0,3.0,1.0,8.0,0.0
4.0,36047088200,5.0,14.0,9.0,8.0,1.0,7.0,0.0
6.0,36047088400,6.0,15.0,7.0,7.0,2.0,8.0,0.0
5.0,36047088600,4.0,12.0,4.0,10.0,1.0,5.0,0.0
6.0,36047088800,4.0,6.0,3.0,5.0,1.0,3.0,0.0
6.0,36047089000,3.0,14.0,4.0,6.0,1.0,5.0,0.0
7.0,36047089200,7.0,14.0,9.0,12.0,2.0,12.0,0.0
6.0,36047089400,4.0,14.0,4.0,13.0,3.0,12.0,0.0
4.0,36047089600,3.0,8.0,1.0,13.0,2.0,11.0,0.0
6.0,36047089800,4.0,19.0,4.0,15.0,2.0,15.0,0.0
6.0,36047090000,5.0,18.0,8.0,18.0,2.0,11.0,0.0
7.0,36047090200,5.0,18.0,10.0,17.0,2.0,8.0,0.0
4.0,36047090600,2.0,16.0,7.0,16.0,2.0,10.0,1.0
5.0,36047090800,1.0,16.0,7.0,17.0,8.0,11.0,1.0
1.0,36047091000,1.0,15.0,4.0,25.0,4.0,17.0,0.0
3.0,36047091200,1.0,13.0,6.0,23.0,4.0,16.0,0.0
2.0,36047091600,3.0,7.0,1.0,17.0,1.0,8.0,0.0
2.0,36047091800,1.0,4.0,0.0,20.0,4.0,11.0,0.0
0.0,36047092000,6.0,4.0,0.0,21.0,4.0,9.0,0.0
3.0,36047092200,6.0,7.0,0.0,12.0,2.0,6.0,0.0
4.0,36047092400,3.0,15.0,6.0,21.0,2.0,18.0,0.0
4.0,36047092800,10.0,8.0,0.0,2.0,0.0,5.0,0.0
3.0,36047093000,9.0,7.0,2.0,2.0,0.0,3.0,0.0
7.0,36047093200,6.0,5.0,2.0,3.0,0.0,2.0,0.0
4.0,36047093400,10.0,5.0,2.0,3.0,0.0,3.0,0.0
7.0,36047093600,9.0,8.0,3.0,3.0,0.0,3.0,0.0
7.0,36047093800,6.0,6.0,4.0,5.0,0.0,7.0,0.0
6.0,36047094401,7.0,7.0,2.0,5.0,0.0,2.0,0.0
8.0,36047094402,8.0,11.0,2.0,1.0,0.0,4.0,0.0
5.0,36047094600,4.0,5.0,4.0,4.0,0.0,4.0,0.0
6.0,36047095000,4.0,12.0,3.0,3.0,0.0,4.0,0.0
3.0,36047095400,9.0,12.0,3.0,5.0,0.0,3.0,0.0
3.0,36047095600,2.0,11.0,2.0,3.0,0.0,4.0,0.0
2.0,36047095800,9.0,11.0,1.0,4.0,0.0,2.0,0.0
2.0,36047096000,9.0,4.0,2.0,4.0,0.0,1.0,0.0
2.0,36047096200,10.0,9.0,2.0,1.0,0.0,1.0,0.0
3.0,36047096400,8.0,13.0,2.0,1.0,1.0,1.0,0.0
2.0,36047096600,5.0,17.0,2.0,2.0,1.0,1.0,0.0
1.0,36047096800,6.0,9.0,1.0,4.0,1.0,0.0,0.0
2.0,36047097000,8.0,13.0,2.0,2.0,1.0,1.0,0.0
3.0,36047097400,5.0,9.0,2.0,5.0,2.0,5.0,0.0
4.0,36047098200,8.0,9.0,4.0,5.0,2.0,6.0,0.0
4.0,36047098400,4.0,4.0,3.0,6.0,1.0,5.0,0.0
5.0,36047098600,5.0,11.0,2.0,8.0,1.0,4.0,0.0
3.0,36047098800,4.0,15.0,2.0,6.0,1.0,3.0,0.0
3.0,36047099000,3.0,14.0,1.0,4.0,1.0,2.0,0.0
3.0,36047099200,1.0,13.0,1.0,3.0,1.0,2.0,0.0
1.0,36047099400,1.0,15.0,1.0,2.0,0.0,1.0,0.0
3.0,36047099600,2.0,8.0,1.0,1.0,0.0,1.0,0.0
4.0,36047099800,4.0,1.0,0.0,4.0,0.0,1.0,0.0
1.0,36047100400,0.0,1.0,0.0,3.0,0.0,0.0,0.0
1.0,36047100600,4.0,5.0,1.0,4.0,0.0,0.0,0.0
4.0,36047100800,5.0,10.0,2.0,2.0,0.0,3.0,0.0
5.0,36047101000,5.0,14.0,2.0,3.0,0.0,3.0,0.0
4.0,36047101200,5.0,13.0,2.0,5.0,0.0,2.0,0.0
5.0,36047101400,1.0,10.0,1.0,6.0,0.0,2.0,0.0
4.0,36047101600,3.0,3.0,2.0,4.0,0.0,1.0,0.0
1.0,36047101800,1.0,1.0,1.0,8.0,0.0,1.0,0.0
4.0,36047102000,5.0,5.0,2.0,5.0,0.0,3.0,0.0
4.0,36047102200,5.0,12.0,2.0,4.0,0.0,3.0,0.0
5.0,36047102400,5.0,12.0,2.0,6.0,0.0,3.0,0.0
2.0,36047102600,0.0,1.0,1.0,4.0,0.0,0.0,0.0
2.0,36047102800,4.0,0.0,1.0,5.0,0.0,0.0,0.0
1.0,36047103400,4.0,5.0,1.0,2.0,0.0,1.0,0.0
1.0,36047105801,0.0,1.0,1.0,3.0,0.0,4.0,0.0
3.0,36047105804,0.0,2.0,3.0,4.0,0.0,1.0,0.0
0.0,36047107000,0.0,0.0,3.0,3.0,0.0,3.0,0.0
3.0,36047107800,0.0,2.0,2.0,3.0,0.0,5.0,0.0
3.0,36047109800,4.0,9.0,1.0,5.0,2.0,1.0,0.0
3.0,36047110400,5.0,9.0,3.0,15.0,0.0,5.0,0.0
4.0,36047110600,9.0,8.0,3.0,12.0,0.0,3.0,0.0
3.0,36047111000,2.0,6.0,2.0,15.0,1.0,4.0,0.0
4.0,36047111600,2.0,2.0,2.0,14.0,0.0,4.0,0.0
0.0,36005027402,0.0,2.0,0.0,1.0,0.0,1.0,0.0
1.0,36005027600,0.0,1.0,2.0,4.0,1.0,1.0,0.0
10.0,36005027700,2.0,6.0,9.0,12.0,2.0,4.0,0.0
3.0,36005027900,3.0,1.0,3.0,12.0,2.0,2.0,0.0
2.0,36005028100,2.0,0.0,1.0,13.0,1.0,3.0,0.0
9.0,36005028300,6.0,5.0,5.0,12.0,3.0,2.0,1.0
5.0,36005028400,1.0,0.0,0.0,1.0,2.0,1.0,0.0
4.0,36005028500,2.0,7.0,8.0,8.0,2.0,3.0,0.0
6.0,36005028600,2.0,2.0,2.0,0.0,0.0,3.0,0.0
12.0,36005028700,5.0,12.0,13.0,12.0,3.0,6.0,0.0
4.0,36005028800,4.0,2.0,0.0,2.0,2.0,0.0,0.0
13.0,36005028900,3.0,11.0,13.0,10.0,3.0,5.0,1.0
2.0,36005029301,0.0,1.0,1.0,6.0,0.0,0.0,1.0
3.0,36005029302,2.0,6.0,10.0,12.0,1.0,5.0,2.0
11.0,36005029500,1.0,11.0,12.0,15.0,2.0,2.0,1.0
2.0,36005029600,2.0,2.0,0.0,2.0,0.0,0.0,0.0
4.0,36005029700,2.0,8.0,7.0,10.0,1.0,2.0,0.0
4.0,36005030000,1.0,2.0,2.0,2.0,2.0,1.0,0.0
4.0,36005030100,2.0,6.0,1.0,10.0,0.0,1.0,1.0
0.0,36005030200,0.0,0.0,1.0,4.0,0.0,0.0,0.0
2.0,36005030701,0.0,0.0,0.0,8.0,0.0,2.0,0.0
1.0,36005030900,1.0,0.0,0.0,2.0,0.0,2.0,0.0
2.0,36005031000,3.0,1.0,5.0,3.0,0.0,1.0,0.0
5.0,36005031200,3.0,0.0,0.0,5.0,1.0,1.0,0.0
4.0,36005031400,2.0,1.0,0.0,5.0,1.0,0.0,0.0
4.0,36005031600,1.0,0.0,0.0,4.0,1.0,0.0,0.0
4.0,36005031800,6.0,0.0,1.0,3.0,1.0,0.0,0.0
2.0,36005031900,2.0,0.0,0.0,3.0,0.0,0.0,0.0
1.0,36005032300,4.0,1.0,0.0,4.0,0.0,0.0,1.0
8.0,36005032400,9.0,3.0,2.0,5.0,2.0,4.0,0.0
6.0,36005032600,6.0,1.0,2.0,5.0,2.0,3.0,0.0
9.0,36005032800,6.0,2.0,5.0,4.0,1.0,5.0,0.0
8.0,36005033000,6.0,2.0,8.0,14.0,2.0,6.0,0.0
8.0,36005033201,5.0,2.0,4.0,18.0,2.0,4.0,0.0
8.0,36005033202,5.0,3.0,4.0,18.0,2.0,4.0,0.0
3.0,36005033400,4.0,1.0,4.0,12.0,3.0,1.0,0.0
0.0,36005033500,0.0,1.0,0.0,9.0,0.0,0.0,0.0
7.0,36005033600,9.0,3.0,4.0,7.0,2.0,4.0,0.0
4.0,36005033700,6.0,1.0,2.0,4.0,0.0,0.0,0.0
9.0,36005033800,9.0,3.0,5.0,10.0,3.0,5.0,0.0
9.0,36005034000,7.0,3.0,5.0,5.0,2.0,4.0,0.0
6.0,36005034200,9.0,3.0,5.0,4.0,1.0,4.0,0.0
4.0,36005034300,7.0,1.0,3.0,5.0,0.0,2.0,0.0
7.0,36005034400,8.0,3.0,5.0,4.0,0.0,2.0,0.0
3.0,36005034500,3.0,1.0,2.0,3.0,0.0,0.0,0.0
4.0,36005034800,6.0,2.0,2.0,3.0,0.0,1.0,0.0
4.0,36005035000,4.0,0.0,0.0,6.0,1.0,1.0,0.0
0.0,36005035100,1.0,0.0,0.0,4.0,1.0,1.0,0.0
5.0,36005035600,6.0,0.0,4.0,6.0,0.0,1.0,0.0
2.0,36005035800,4.0,1.0,2.0,5.0,2.0,2.0,0.0
10.0,36005035900,1.0,3.0,4.0,22.0,2.0,5.0,0.0
7.0,36005036000,5.0,0.0,2.0,5.0,0.0,0.0,0.0
5.0,36005036100,2.0,3.0,2.0,13.0,2.0,4.0,0.0
7.0,36005036300,1.0,3.0,3.0,20.0,1.0,5.0,0.0
3.0,36005036400,3.0,1.0,1.0,7.0,1.0,2.0,0.0
10.0,36005036501,1.0,4.0,4.0,21.0,0.0,6.0,0.0
12.0,36005036502,1.0,3.0,4.0,22.0,1.0,5.0,0.0
10.0,36005036700,3.0,3.0,4.0,19.0,1.0,4.0,0.0
3.0,36005036800,6.0,3.0,3.0,2.0,1.0,3.0,0.0
9.0,36005036901,6.0,4.0,4.0,24.0,0.0,6.0,1.0
11.0,36005036902,6.0,0.0,2.0,21.0,1.0,2.0,1.0
4.0,36005037000,7.0,4.0,4.0,3.0,2.0,2.0,0.0
12.0,36005037100,5.0,6.0,5.0,27.0,0.0,6.0,0.0
5.0,36005037200,9.0,3.0,6.0,6.0,2.0,5.0,0.0
9.0,36005037300,4.0,4.0,5.0,28.0,0.0,4.0,1.0
4.0,36005037400,8.0,4.0,3.0,7.0,2.0,6.0,1.0
13.0,36005037504,8.0,4.0,5.0,28.0,0.0,6.0,1.0
4.0,36005037600,10.0,2.0,4.0,8.0,3.0,8.0,1.0
4.0,36005037800,3.0,3.0,3.0,6.0,3.0,5.0,1.0
10.0,36005037900,7.0,1.0,7.0,27.0,3.0,15.0,1.0
6.0,36005038000,3.0,3.0,4.0,6.0,2.0,3.0,0.0
12.0,36005038100,12.0,2.0,7.0,26.0,4.0,20.0,0.0
3.0,36005038200,3.0,2.0,2.0,5.0,1.0,3.0,0.0
13.0,36005038301,8.0,6.0,5.0,26.0,3.0,14.0,0.0
13.0,36005038302,8.0,4.0,4.0,25.0,3.0,7.0,1.0
10.0,36005038500,8.0,4.0,8.0,25.0,1.0,10.0,1.0
4.0,36005038600,3.0,1.0,2.0,4.0,0.0,4.0,0.0
10.0,36005038700,6.0,4.0,6.0,24.0,0.0,8.0,1.0
5.0,36005038800,2.0,2.0,4.0,4.0,1.0,3.0,0.0
6.0,36005038900,7.0,3.0,3.0,19.0,0.0,5.0,1.0
7.0,36005039000,0.0,3.0,3.0,6.0,3.0,3.0,0.0
9.0,36005039100,9.0,4.0,2.0,22.0,0.0,4.0,0.0
7.0,36005039200,2.0,1.0,2.0,8.0,3.0,2.0,0.0
6.0,36005039300,2.0,2.0,3.0,19.0,0.0,6.0,0.0
8.0,36005039400,0.0,1.0,2.0,5.0,2.0,1.0,0.0
10.0,36005039500,10.0,1.0,5.0,20.0,1.0,11.0,1.0
6.0,36005039600,0.0,1.0,3.0,3.0,2.0,2.0,0.0
5.0,36005039700,6.0,3.0,5.0,28.0,2.0,7.0,2.0
7.0,36005039800,0.0,1.0,2.0,3.0,2.0,1.0,0.0
8.0,36005039901,2.0,4.0,7.0,21.0,4.0,10.0,1.0
11.0,36005039902,6.0,3.0,6.0,21.0,4.0,8.0,1.0
16.0,36005040100,1.0,6.0,9.0,16.0,5.0,14.0,1.0
7.0,36005040302,4.0,6.0,6.0,17.0,4.0,10.0,1.0
6.0,36005040303,4.0,6.0,4.0,13.0,4.0,11.0,0.0
9.0,36005040304,4.0,6.0,8.0,16.0,3.0,13.0,1.0
8.0,36005040400,1.0,3.0,1.0,4.0,2.0,1.0,0.0
5.0,36005040501,4.0,6.0,6.0,19.0,4.0,9.0,2.0
4.0,36005040502,2.0,6.0,5.0,24.0,3.0,7.0,2.0
10.0,36005040600,1.0,3.0,2.0,3.0,3.0,3.0,0.0
3.0,36005040701,4.0,5.0,2.0,12.0,4.0,8.0,0.0
3.0,36047036900,5.0,15.0,1.0,27.0,7.0,6.0,1.0
9.0,36047037000,7.0,16.0,1.0,3.0,1.0,9.0,0.0
11.0,36047037100,3.0,11.0,2.0,31.0,7.0,8.0,0.0
10.0,36047037300,2.0,17.0,4.0,30.0,4.0,8.0,0.0
3.0,36047037401,5.0,16.0,0.0,3.0,1.0,8.0,0.0
2.0,36047037402,3.0,10.0,0.0,3.0,2.0,3.0,0.0
11.0,36047037500,0.0,18.0,10.0,27.0,2.0,6.0,0.0
11.0,36047037700,0.0,18.0,11.0,29.0,3.0,8.0,0.0
10.0,36047037900,3.0,17.0,7.0,28.0,2.0,10.0,0.0
6.0,36047038100,6.0,13.0,7.0,28.0,2.0,12.0,0.0
5.0,36047038200,7.0,13.0,1.0,7.0,3.0,4.0,0.0
4.0,36047038300,4.0,17.0,11.0,27.0,2.0,9.0,0.0
7.0,36047038500,1.0,20.0,12.0,26.0,2.0,9.0,0.0
2.0,36047038600,3.0,20.0,2.0,7.0,4.0,3.0,0.0
4.0,36047038700,2.0,18.0,9.0,20.0,2.0,11.0,0.0
3.0,36047038800,3.0,18.0,3.0,4.0,2.0,2.0,0.0
12.0,36047038900,6.0,25.0,10.0,23.0,3.0,12.0,0.0
7.0,36047039000,3.0,19.0,2.0,7.0,1.0,3.0,0.0
14.0,36047039100,6.0,34.0,10.0,18.0,4.0,15.0,0.0
9.0,36047039200,3.0,16.0,3.0,5.0,2.0,8.0,0.0
6.0,36047039300,4.0,32.0,7.0,24.0,3.0,11.0,0.0
6.0,36047039400,5.0,20.0,3.0,7.0,2.0,9.0,0.0
5.0,36047039500,1.0,22.0,8.0,24.0,4.0,9.0,0.0
5.0,36047039600,0.0,18.0,3.0,5.0,2.0,5.0,0.0
9.0,36047039700,0.0,22.0,8.0,25.0,2.0,9.0,0.0
2.0,36047039800,3.0,20.0,4.0,6.0,4.0,2.0,0.0
4.0,36047039900,0.0,29.0,7.0,23.0,2.0,8.0,0.0
3.0,36047040000,4.0,18.0,5.0,8.0,4.0,4.0,0.0
10.0,36047040100,2.0,20.0,4.0,24.0,3.0,7.0,0.0
6.0,36047040200,4.0,14.0,5.0,4.0,5.0,3.0,0.0
8.0,36047040300,4.0,18.0,4.0,21.0,7.0,7.0,0.0
9.0,36047040400,2.0,15.0,2.0,5.0,3.0,13.0,0.0
4.0,36047040500,5.0,8.0,1.0,20.0,9.0,3.0,1.0
9.0,36047040600,1.0,17.0,3.0,5.0,4.0,7.0,0.0
4.0,36047040700,7.0,1.0,3.0,19.0,2.0,4.0,0.0
6.0,36047040800,0.0,19.0,1.0,7.0,3.0,8.0,0.0
5.0,36047040900,2.0,19.0,2.0,7.0,3.0,2.0,0.0
3.0,36047041000,2.0,18.0,3.0,5.0,4.0,8.0,0.0
7.0,36047041100,2.0,19.0,4.0,13.0,4.0,6.0,0.0
3.0,36047041200,2.0,23.0,3.0,5.0,3.0,10.0,0.0
8.0,36047041300,1.0,21.0,4.0,23.0,4.0,6.0,0.0
3.0,36047041401,2.0,16.0,2.0,4.0,2.0,8.0,0.0
7.0,36047041402,4.0,17.0,3.0,3.0,1.0,6.0,0.0
11.0,36047041500,0.0,27.0,6.0,15.0,3.0,8.0,0.0
10.0,36047041600,3.0,17.0,4.0,5.0,1.0,9.0,0.0
11.0,36047041700,1.0,32.0,10.0,23.0,3.0,12.0,0.0
8.0,36047041800,4.0,18.0,4.0,5.0,2.0,8.0,0.0
12.0,36047041900,0.0,48.0,9.0,17.0,4.0,13.0,0.0
8.0,36047042000,6.0,21.0,5.0,4.0,3.0,11.0,0.0
8.0,36047042100,5.0,37.0,11.0,18.0,4.0,12.0,0.0
4.0,36047042200,2.0,18.0,4.0,2.0,3.0,8.0,0.0
11.0,36047042300,5.0,36.0,11.0,18.0,3.0,13.0,0.0
2.0,36047042400,2.0,20.0,4.0,6.0,5.0,12.0,0.0
13.0,36047042500,7.0,33.0,9.0,14.0,4.0,14.0,0.0
6.0,36047042600,4.0,11.0,2.0,6.0,4.0,9.0,0.0
10.0,36047042700,5.0,36.0,7.0,13.0,5.0,9.0,0.0
5.0,36047042800,2.0,18.0,3.0,6.0,2.0,13.0,0.0
10.0,36047042900,2.0,44.0,9.0,11.0,4.0,10.0,0.0
10.0,36047043000,4.0,19.0,3.0,7.0,2.0,8.0,0.0
12.0,36047043100,2.0,60.0,11.0,11.0,4.0,11.0,0.0
6.0,36047043200,4.0,21.0,3.0,7.0,3.0,8.0,0.0
13.0,36047043300,2.0,54.0,10.0,11.0,3.0,10.0,0.0
6.0,36047043400,3.0,22.0,3.0,6.0,4.0,13.0,0.0
9.0,36047043500,2.0,42.0,9.0,16.0,3.0,9.0,0.0
8.0,36047043600,1.0,20.0,3.0,4.0,4.0,10.0,0.0
10.0,36047043700,2.0,26.0,5.0,12.0,3.0,7.0,0.0
3.0,36047043800,8.0,24.0,3.0,6.0,2.0,8.0,0.0
10.0,36047043900,3.0,60.0,17.0,11.0,3.0,9.0,0.0
5.0,36047044000,2.0,15.0,3.0,5.0,2.0,10.0,0.0
12.0,36047044100,2.0,60.0,16.0,11.0,4.0,12.0,0.0
6.0,36047044200,8.0,13.0,4.0,5.0,1.0,8.0,0.0
11.0,36047044300,3.0,57.0,11.0,13.0,4.0,10.0,0.0
3.0,36047044400,6.0,15.0,1.0,2.0,3.0,12.0,0.0
11.0,36047044500,3.0,34.0,9.0,8.0,4.0,8.0,0.0
7.0,36047044600,3.0,17.0,2.0,4.0,4.0,9.0,0.0
6.0,36047044700,5.0,31.0,5.0,5.0,2.0,7.0,0.0
3.0,36047044800,1.0,10.0,2.0,3.0,3.0,9.0,0.0
8.0,36047044900,3.0,8.0,1.0,8.0,0.0,0.0,0.0
3.0,36047045000,1.0,6.0,1.0,1.0,2.0,6.0,0.0
3.0,36047045200,5.0,7.0,3.0,2.0,2.0,8.0,0.0
9.0,36047045300,4.0,27.0,3.0,5.0,3.0,6.0,0.0
6.0,36047045400,4.0,11.0,5.0,2.0,2.0,9.0,0.0
7.0,36047045600,2.0,18.0,5.0,3.0,2.0,9.0,0.0
12.0,36047045800,3.0,14.0,4.0,2.0,3.0,10.0,0.0
11.0,36047046000,4.0,16.0,4.0,4.0,2.0,7.0,0.0
5.0,36047046201,5.0,9.0,1.0,4.0,3.0,12.0,0.0
2.0,36047046202,2.0,4.0,1.0,3.0,3.0,9.0,0.0
2.0,36047046400,3.0,7.0,1.0,5.0,3.0,9.0,0.0
10.0,36047046800,2.0,11.0,1.0,2.0,4.0,8.0,0.0
8.0,36047047000,3.0,9.0,1.0,3.0,3.0,6.0,0.0
4.0,36047047200,2.0,5.0,4.0,5.0,0.0,10.0,0.0
2.0,36047047400,3.0,10.0,4.0,6.0,3.0,12.0,0.0
2.0,36047047600,2.0,13.0,4.0,6.0,2.0,14.0,0.0
6.0,36047047700,7.0,15.0,14.0,23.0,1.0,9.0,0.0
3.0,36047047800,4.0,12.0,3.0,6.0,2.0,15.0,0.0
1.0,36047048000,3.0,15.0,2.0,5.0,3.0,13.0,0.0
7.0,36047048100,5.0,13.0,6.0,18.0,3.0,5.0,0.0
10.0,36047048200,5.0,28.0,1.0,3.0,3.0,11.0,0.0
6.0,36047048400,7.0,19.0,3.0,4.0,3.0,11.0,0.0
14.0,36047048500,4.0,25.0,8.0,14.0,3.0,7.0,0.0
,36005000100,,,,,,0.0,
,36005000200,,,,,,3.0,
,36005000400,,,,,,0.0,
,36005001600,,,,,,6.0,
,36005001900,,,,,,4.0,
,36005002000,,,,,,7.0,
,36005002300,,,,,,6.0,
,36005002400,,,,,,9.0,
,36005002500,,,,,,6.0,
,36005002701,,,,,,5.0,
,36005002702,,,,,,6.0,
,36005002800,,,,,,5.0,
,36005003100,,,,,,5.0,
,36005003300,,,,,,6.0,
,36005003500,,,,,,8.0,
,36005003700,,,,,,9.0,
,36005003800,,,,,,7.0,
,36005003900,,,,,,8.0,
,36005004001,,,,,,5.0,
,36005004100,,,,,,8.0,
,36005004200,,,,,,7.0,
,36005004300,,,,,,12.0,
,36005004400,,,,,,8.0,
,36005004600,,,,,,6.0,
,36005004800,,,,,,7.0,
,36005005001,,,,,,6.0,
,36005005002,,,,,,5.0,
,36005005100,,,,,,5.0,
,36005005200,,,,,,3.0,
,36005005300,,,,,,9.0,
,36005005400,,,,,,4.0,
,36005005600,,,,,,5.0,
,36005005902,,,,,,9.0,
,36005006000,,,,,,5.0,
,36005006100,,,,,,7.0,
,36005006200,,,,,,4.0,
,36005006300,,,,,,16.0,
,36005006400,,,,,,4.0,
,36005006500,,,,,,12.0,
,36005006700,,,,,,17.0,
,36005006800,,,,,,6.0,
,36005006900,,,,,,13.0,
,36005007000,,,,,,5.0,
,36005007100,,,,,,17.0,
,36005007200,,,,,,7.0,
,36005007300,,,,,,15.0,
,36005007400,,,,,,5.0,
,36005007500,,,,,,16.0,
,36005007600,,,,,,5.0,
,36005007700,,,,,,14.0,
,36005007800,,,,,,6.0,
,36005007900,,,,,,11.0,
,36005008300,,,,,,7.0,
,36005008400,,,,,,3.0,
,36005008500,,,,,,9.0,
,36005008600,,,,,,3.0,
,36005008700,,,,,,4.0,
,36005008900,,,,,,4.0,
,36005009000,,,,,,2.0,
,36005009200,,,,,,7.0,
,36005009300,,,,,,7.0,
,36005009600,,,,,,6.0,
,36005009800,,,,,,3.0,
,36005011000,,,,,,0.0,
,36005011502,,,,,,5.0,
,36005011700,,,,,,8.0,
,36005011800,,,,,,0.0,
,36005011900,,,,,,5.0,
,36005012101,,,,,,6.0,
,36005012102,,,,,,4.0,
,36005012300,,,,,,6.0,
,36005012500,,,,,,8.0,
,36005012701,,,,,,6.0,
,36005012901,,,,,,8.0,
,36005013000,,,,,,1.0,
,36005013100,,,,,,7.0,
,36005013200,,,,,,1.0,
,36005013300,,,,,,13.0,
,36005013500,,,,,,10.0,
,36005013800,,,,,,1.0,
,36005014100,,,,,,16.0,
,36005014300,,,,,,17.0,
,36005014400,,,,,,2.0,
,36005014500,,,,,,12.0,
,36005014701,,,,,,10.0,
,36005014702,,,,,,8.0,
,36005014900,,,,,,10.0,
,36005015100,,,,,,8.0,
,36005015200,,,,,,3.0,
,36005015300,,,,,,7.0,
,36005015500,,,,,,6.0,
,36005015700,,,,,,7.0,
,36005015800,,,,,,2.0,
,36005015900,,,,,,4.0,
,36005016000,,,,,,3.0,
,36005016100,,,,,,6.0,
,36005016200,,,,,,2.0,
,36005016300,,,,,,5.0,
,36005016400,,,,,,3.0,
,36005016500,,,,,,7.0,
6.0,36047048600,5.0,23.0,4.0,3.0,2.0,17.0,0.0
10.0,36047048800,9.0,25.0,4.0,3.0,2.0,12.0,0.0
14.0,36047048900,5.0,31.0,11.0,22.0,5.0,13.0,0.0
7.0,36047049000,9.0,30.0,5.0,3.0,4.0,16.0,0.0
8.0,36047049100,4.0,28.0,9.0,20.0,6.0,16.0,0.0
9.0,36047049200,6.0,25.0,8.0,0.0,4.0,11.0,0.0
11.0,36047049300,3.0,35.0,16.0,16.0,5.0,9.0,0.0
8.0,36047049400,8.0,35.0,6.0,6.0,2.0,13.0,0.0
10.0,36047049500,5.0,37.0,16.0,28.0,6.0,8.0,0.0
6.0,36047049600,9.0,17.0,4.0,6.0,2.0,15.0,0.0
6.0,36047049700,7.0,29.0,15.0,27.0,4.0,8.0,0.0
5.0,36047049800,6.0,16.0,4.0,3.0,2.0,11.0,0.0
11.0,36047049900,6.0,26.0,11.0,22.0,4.0,4.0,0.0
5.0,36047050000,7.0,22.0,5.0,12.0,2.0,12.0,0.0
11.0,36047050100,5.0,38.0,14.0,36.0,4.0,6.0,0.0
3.0,36047050202,2.0,12.0,3.0,13.0,1.0,7.0,0.0
11.0,36047050300,4.0,47.0,16.0,32.0,5.0,10.0,0.0
6.0,36047050400,8.0,12.0,4.0,9.0,1.0,6.0,0.0
15.0,36047050500,3.0,48.0,18.0,21.0,5.0,13.0,0.0
7.0,36047050600,4.0,15.0,3.0,9.0,3.0,10.0,0.0
13.0,36047050700,4.0,26.0,6.0,20.0,6.0,17.0,0.0
7.0,36047050801,3.0,23.0,6.0,8.0,3.0,11.0,0.0
6.0,36047050803,2.0,24.0,5.0,11.0,3.0,11.0,0.0
7.0,36047050804,3.0,20.0,5.0,12.0,2.0,9.0,0.0
13.0,36047050900,3.0,38.0,6.0,23.0,5.0,18.0,0.0
11.0,36047051001,5.0,21.0,5.0,6.0,3.0,8.0,0.0
8.0,36047051002,2.0,23.0,5.0,8.0,3.0,10.0,0.0
12.0,36047051100,4.0,45.0,15.0,33.0,5.0,16.0,0.0
9.0,36047051200,5.0,26.0,8.0,6.0,3.0,9.0,0.0
14.0,36047051300,3.0,53.0,14.0,41.0,7.0,14.0,0.0
6.0,36047051400,6.0,30.0,8.0,1.0,3.0,6.0,0.0
10.0,36047051500,4.0,31.0,16.0,29.0,5.0,7.0,0.0
9.0,36047051601,4.0,24.0,6.0,3.0,3.0,7.0,0.0
9.0,36047051602,4.0,24.0,8.0,1.0,3.0,5.0,0.0
12.0,36047051700,3.0,28.0,9.0,33.0,2.0,5.0,0.0
8.0,36047051800,7.0,29.0,7.0,1.0,3.0,7.0,0.0
7.0,36047051900,1.0,40.0,17.0,32.0,4.0,7.0,0.0
9.0,36047052000,6.0,25.0,6.0,2.0,3.0,7.0,0.0
9.0,36047052300,0.0,38.0,12.0,43.0,3.0,11.0,0.0
12.0,36047052500,1.0,30.0,11.0,37.0,4.0,16.0,0.0
12.0,36047052600,5.0,24.0,5.0,2.0,2.0,5.0,0.0
12.0,36047052700,3.0,47.0,16.0,40.0,5.0,16.0,0.0
12.0,36047052800,5.0,15.0,4.0,3.0,3.0,5.0,0.0
12.0,36047052900,4.0,30.0,15.0,34.0,5.0,19.0,0.0
10.0,36047053000,2.0,13.0,6.0,3.0,3.0,6.0,0.0
10.0,36047053100,5.0,13.0,7.0,28.0,5.0,22.0,0.0
10.0,36047053200,2.0,10.0,6.0,3.0,3.0,7.0,0.0
8.0,36047053300,5.0,11.0,12.0,29.0,3.0,20.0,0.0
8.0,36047053400,2.0,15.0,6.0,3.0,2.0,8.0,0.0
7.0,36047053500,2.0,19.0,10.0,29.0,2.0,15.0,0.0
9.0,36047053700,6.0,14.0,7.0,16.0,0.0,16.0,0.0
6.0,36047053800,6.0,15.0,2.0,2.0,1.0,9.0,0.0
8.0,36047053900,3.0,10.0,7.0,13.0,2.0,18.0,0.0
11.0,36047054200,8.0,21.0,5.0,5.0,2.0,11.0,0.0
7.0,36047054300,6.0,3.0,1.0,8.0,0.0,9.0,0.0
11.0,36047054400,8.0,22.0,5.0,6.0,2.0,11.0,0.0
4.0,36047054500,3.0,11.0,6.0,16.0,0.0,12.0,0.0
7.0,36047054600,2.0,15.0,3.0,6.0,1.0,5.0,0.0
3.0,36047054700,0.0,9.0,10.0,14.0,0.0,9.0,0.0
4.0,36047054800,2.0,12.0,2.0,5.0,0.0,2.0,0.0
1.0,36047054900,0.0,12.0,10.0,30.0,1.0,9.0,0.0
5.0,36047055000,4.0,13.0,2.0,5.0,1.0,6.0,0.0
6.0,36047055100,0.0,16.0,3.0,35.0,3.0,4.0,0.0
8.0,36047055200,4.0,17.0,3.0,6.0,1.0,7.0,0.0
7.0,36047055300,0.0,29.0,6.0,34.0,2.0,7.0,0.0
10.0,36047055400,8.0,18.0,3.0,5.0,1.0,9.0,0.0
5.0,36047055500,0.0,20.0,7.0,18.0,1.0,4.0,0.0
13.0,36047055600,3.0,27.0,5.0,5.0,2.0,12.0,0.0
13.0,36047055700,0.0,19.0,9.0,14.0,1.0,5.0,0.0
13.0,36047055800,4.0,21.0,5.0,6.0,2.0,11.0,0.0
6.0,36047056000,2.0,20.0,3.0,5.0,2.0,6.0,0.0
15.0,36047056100,6.0,19.0,8.0,12.0,2.0,6.0,0.0
3.0,36047056200,0.0,16.0,3.0,3.0,0.0,2.0,0.0
11.0,36047056300,4.0,10.0,3.0,14.0,1.0,5.0,0.0
1.0,36047056400,1.0,7.0,0.0,5.0,0.0,1.0,0.0
15.0,36047056500,4.0,15.0,6.0,9.0,1.0,7.0,0.0
6.0,36047056600,4.0,17.0,2.0,6.0,0.0,4.0,0.0
5.0,36047056800,4.0,16.0,2.0,8.0,0.0,3.0,0.0
16.0,36047056900,2.0,24.0,7.0,23.0,2.0,9.0,0.0
7.0,36047057000,7.0,10.0,3.0,5.0,0.0,2.0,0.0
9.0,36047057100,7.0,19.0,6.0,21.0,1.0,6.0,0.0
7.0,36047057200,8.0,23.0,3.0,4.0,0.0,6.0,0.0
14.0,36047057300,8.0,22.0,5.0,17.0,2.0,8.0,0.0
3.0,36047057400,3.0,13.0,4.0,3.0,0.0,3.0,0.0
15.0,36047057500,6.0,18.0,6.0,11.0,1.0,6.0,1.0
3.0,36047057600,2.0,21.0,3.0,3.0,0.0,7.0,0.0
5.0,36047057800,2.0,20.0,3.0,5.0,1.0,9.0,0.0
2.0,36047057900,6.0,20.0,0.0,2.0,1.0,4.0,0.0
8.0,36047058000,7.0,23.0,4.0,5.0,2.0,11.0,0.0
9.0,36047058200,6.0,19.0,4.0,4.0,2.0,11.0,0.0
9.0,36047058400,7.0,19.0,7.0,4.0,2.0,10.0,0.0
8.0,36047058600,7.0,27.0,6.0,4.0,2.0,10.0,0.0
8.0,36047058800,3.0,21.0,4.0,5.0,1.0,8.0,0.0
12.0,36047058900,3.0,2.0,5.0,8.0,0.0,4.0,0.0
7.0,36047059000,5.0,30.0,6.0,7.0,2.0,11.0,0.0
4.0,36047059100,7.0,22.0,4.0,11.0,1.0,4.0,0.0
5.0,36047059200,3.0,24.0,5.0,5.0,3.0,8.0,0.0
3.0,36047059300,1.0,5.0,1.0,8.0,0.0,3.0,0.0
5.0,36047059401,2.0,25.0,6.0,4.0,1.0,9.0,0.0
4.0,36047059402,3.0,23.0,6.0,7.0,0.0,7.0,0.0
4.0,36047111800,0.0,8.0,3.0,17.0,2.0,9.0,0.0
4.0,36047112000,2.0,8.0,2.0,19.0,2.0,7.0,0.0
4.0,36047112200,2.0,9.0,2.0,24.0,3.0,5.0,0.0
2.0,36047112400,5.0,10.0,3.0,26.0,3.0,7.0,0.0
1.0,36047112600,5.0,8.0,0.0,26.0,3.0,9.0,0.0
2.0,36047112800,5.0,7.0,0.0,25.0,3.0,3.0,0.0
1.0,36047113000,5.0,8.0,3.0,25.0,6.0,11.0,0.0
1.0,36047113200,5.0,5.0,5.0,24.0,5.0,7.0,0.0
1.0,36047113400,1.0,16.0,5.0,28.0,6.0,12.0,0.0
4.0,36047114201,8.0,7.0,1.0,5.0,7.0,4.0,0.0
4.0,36047114202,5.0,10.0,2.0,10.0,2.0,5.0,0.0
1.0,36047114400,7.0,15.0,4.0,23.0,6.0,8.0,1.0
4.0,36047114600,8.0,13.0,3.0,23.0,2.0,5.0,1.0
2.0,36047115000,3.0,15.0,3.0,27.0,5.0,5.0,0.0
2.0,36047115200,5.0,13.0,5.0,28.0,3.0,8.0,0.0
0.0,36047115600,0.0,11.0,4.0,25.0,5.0,10.0,0.0
0.0,36047115800,2.0,8.0,4.0,31.0,5.0,9.0,0.0
2.0,36047116000,4.0,11.0,3.0,38.0,5.0,7.0,0.0
3.0,36047116200,2.0,11.0,4.0,39.0,3.0,5.0,0.0
3.0,36047116400,2.0,12.0,3.0,40.0,4.0,9.0,0.0
2.0,36047116600,7.0,19.0,3.0,29.0,4.0,10.0,0.0
5.0,36047116800,7.0,13.0,1.0,27.0,4.0,6.0,0.0
6.0,36047117000,3.0,13.0,4.0,24.0,5.0,8.0,0.0
3.0,36047117201,5.0,10.0,2.0,11.0,3.0,6.0,0.0
5.0,36047117202,6.0,13.0,1.0,12.0,3.0,5.0,0.0
7.0,36047117400,10.0,25.0,2.0,13.0,4.0,5.0,0.0
9.0,36047117601,10.0,21.0,3.0,6.0,3.0,7.0,0.0
7.0,36047117602,10.0,23.0,3.0,6.0,3.0,5.0,0.0
10.0,36047117800,6.0,28.0,5.0,10.0,3.0,13.0,0.0
4.0,36047118000,3.0,3.0,2.0,4.0,2.0,1.0,0.0
4.0,36047118201,7.0,22.0,4.0,4.0,3.0,8.0,0.0
4.0,36047118202,7.0,28.0,4.0,4.0,3.0,9.0,0.0
10.0,36047118400,11.0,31.0,5.0,8.0,3.0,15.0,0.0
10.0,36047118600,6.0,34.0,7.0,7.0,3.0,18.0,0.0
8.0,36047118800,3.0,29.0,5.0,9.0,4.0,17.0,0.0
10.0,36047119000,7.0,35.0,4.0,8.0,4.0,17.0,0.0
6.0,36047119200,6.0,21.0,3.0,14.0,5.0,11.0,0.0
4.0,36047119400,5.0,14.0,4.0,28.0,3.0,8.0,0.0
6.0,36047119600,6.0,33.0,4.0,14.0,5.0,19.0,0.0
3.0,36047119800,7.0,14.0,4.0,27.0,6.0,7.0,1.0
5.0,36047120000,5.0,18.0,5.0,9.0,2.0,16.0,0.0
5.0,36047120200,3.0,13.0,4.0,7.0,2.0,14.0,0.0
5.0,36047120800,2.0,4.0,2.0,9.0,2.0,7.0,0.0
2.0,36047121000,0.0,8.0,4.0,8.0,2.0,12.0,0.0
1.0,36047121400,0.0,4.0,2.0,9.0,0.0,7.0,0.0
2.0,36047122000,0.0,2.0,4.0,3.0,0.0,4.0,0.0
7.0,36047123700,6.0,17.0,6.0,16.0,2.0,15.0,0.0
3.0,36047150200,2.0,12.0,3.0,12.0,1.0,5.0,0.0
8.0,36047152200,5.0,29.0,5.0,0.0,4.0,8.0,0.0
0.0,36061000100,0.0,0.0,0.0,3.0,0.0,0.0,0.0
12.0,36061000201,0.0,20.0,8.0,31.0,2.0,7.0,0.0
4.0,36061000202,0.0,4.0,6.0,18.0,1.0,5.0,0.0
0.0,36061000500,0.0,0.0,0.0,16.0,0.0,0.0,0.0
11.0,36061000600,0.0,37.0,24.0,39.0,3.0,10.0,0.0
26.0,36061000700,0.0,28.0,35.0,60.0,3.0,5.0,1.0
8.0,36061000800,0.0,30.0,33.0,34.0,3.0,25.0,0.0
19.0,36061000900,0.0,14.0,35.0,35.0,15.0,5.0,1.0
9.0,36061001001,0.0,13.0,0.0,20.0,0.0,2.0,0.0
11.0,36061001002,0.0,8.0,16.0,46.0,0.0,5.0,0.0
9.0,36061001200,0.0,37.0,17.0,31.0,2.0,6.0,0.0
32.0,36061001300,0.0,22.0,31.0,60.0,15.0,5.0,1.0
16.0,36061001401,0.0,52.0,31.0,39.0,3.0,24.0,0.0
23.0,36061001402,0.0,52.0,40.0,56.0,3.0,21.0,0.0
29.0,36061001501,0.0,47.0,24.0,60.0,5.0,6.0,0.0
35.0,36061001502,0.0,24.0,24.0,60.0,14.0,6.0,0.0
22.0,36061001600,0.0,53.0,37.0,46.0,8.0,27.0,0.0
24.0,36061001800,0.0,49.0,45.0,45.0,11.0,24.0,0.0
8.0,36061002000,0.0,11.0,9.0,48.0,0.0,6.0,0.0
28.0,36061002100,1.0,37.0,31.0,60.0,18.0,4.0,1.0
24.0,36061002201,0.0,50.0,34.0,56.0,5.0,13.0,0.0
26.0,36061002202,0.0,53.0,30.0,60.0,1.0,11.0,0.0
6.0,36061002400,0.0,10.0,2.0,45.0,0.0,5.0,0.0
11.0,36061002500,0.0,33.0,19.0,46.0,8.0,20.0,0.0
26.0,36061002601,0.0,29.0,21.0,60.0,0.0,9.0,0.0
20.0,36061002602,0.0,36.0,20.0,60.0,1.0,10.0,0.0
22.0,36061002700,0.0,33.0,22.0,47.0,8.0,25.0,0.0
11.0,36061002800,1.0,35.0,20.0,54.0,1.0,11.0,0.0
19.0,36061002900,0.0,43.0,36.0,47.0,13.0,18.0,0.0
27.0,36061003001,0.0,51.0,35.0,60.0,5.0,19.0,0.0
33.0,36061003002,0.0,52.0,45.0,60.0,8.0,14.0,0.0
28.0,36061003100,0.0,48.0,44.0,47.0,15.0,15.0,1.0
32.0,36061003200,0.0,51.0,60.0,60.0,5.0,13.0,0.0
19.0,36061003300,1.0,38.0,39.0,60.0,11.0,13.0,0.0
29.0,36061003400,0.0,45.0,35.0,59.0,1.0,17.0,0.0
33.0,36061003601,0.0,51.0,55.0,44.0,8.0,23.0,0.0
33.0,36061003602,0.0,48.0,60.0,53.0,9.0,13.0,0.0
6.0,36061003700,0.0,31.0,24.0,45.0,3.0,4.0,1.0
35.0,36061003800,0.0,51.0,57.0,49.0,9.0,17.0,0.0
3.0,36061003900,1.0,27.0,25.0,44.0,7.0,3.0,0.0
33.0,36061004000,0.0,45.0,52.0,49.0,5.0,16.0,0.0
21.0,36061004100,0.0,43.0,45.0,42.0,13.0,28.0,0.0
35.0,36061004200,0.0,43.0,53.0,33.0,7.0,14.0,2.0
31.0,36061004300,0.0,31.0,52.0,40.0,13.0,20.0,0.0
17.0,36061004400,1.0,37.0,27.0,36.0,1.0,11.0,0.0
19.0,36061004500,0.0,40.0,33.0,44.0,13.0,24.0,0.0
18.0,36061004700,0.0,38.0,33.0,45.0,13.0,20.0,0.0
35.0,36061004800,0.0,47.0,31.0,39.0,3.0,18.0,0.0
21.0,36061004900,0.0,36.0,39.0,54.0,13.0,16.0,0.0
41.0,36061005000,1.0,44.0,52.0,28.0,7.0,20.0,2.0
38.0,36061005200,1.0,31.0,47.0,31.0,10.0,15.0,3.0
4.0,36005016600,6.0,5.0,4.0,1.0,0.0,1.0,0.0
9.0,36005016700,9.0,1.0,3.0,21.0,0.0,2.0,1.0
7.0,36005016900,2.0,3.0,3.0,23.0,0.0,5.0,0.0
14.0,36005017100,9.0,1.0,4.0,19.0,3.0,7.0,0.0
17.0,36005017300,5.0,6.0,11.0,35.0,2.0,12.0,1.0
18.0,36005017500,3.0,4.0,5.0,28.0,0.0,13.0,1.0
18.0,36005017701,2.0,4.0,2.0,19.0,1.0,13.0,0.0
14.0,36005017702,1.0,2.0,2.0,20.0,2.0,12.0,0.0
18.0,36005017901,3.0,3.0,5.0,9.0,3.0,13.0,0.0
19.0,36005017902,2.0,3.0,5.0,11.0,3.0,12.0,0.0
17.0,36005018101,4.0,5.0,9.0,10.0,1.0,15.0,1.0
18.0,36005018102,3.0,4.0,7.0,11.0,3.0,15.0,0.0
13.0,36005018301,3.0,5.0,9.0,18.0,2.0,11.0,1.0
16.0,36005018302,3.0,3.0,7.0,20.0,2.0,11.0,1.0
6.0,36005018400,6.0,3.0,2.0,3.0,0.0,1.0,0.0
9.0,36005018500,4.0,4.0,3.0,43.0,0.0,15.0,1.0
7.0,36005018900,6.0,0.0,3.0,25.0,5.0,8.0,0.0
8.0,36005019300,6.0,2.0,4.0,21.0,0.0,10.0,0.0
7.0,36005019400,8.0,1.0,3.0,6.0,0.0,0.0,0.0
13.0,36005019500,4.0,3.0,8.0,22.0,3.0,9.0,0.0
19.0,36005019700,7.0,2.0,5.0,18.0,2.0,16.0,0.0
11.0,36005019900,9.0,1.0,5.0,18.0,2.0,14.0,0.0
8.0,36005020000,6.0,2.0,6.0,9.0,3.0,3.0,0.0
9.0,36005020100,7.0,0.0,4.0,16.0,1.0,5.0,0.0
8.0,36005020200,5.0,2.0,8.0,10.0,3.0,7.0,0.0
6.0,36005020400,5.0,2.0,6.0,7.0,3.0,7.0,0.0
4.0,36005020501,6.0,3.0,3.0,19.0,0.0,7.0,1.0
5.0,36005020502,3.0,3.0,3.0,14.0,1.0,3.0,1.0
7.0,36005020601,4.0,2.0,10.0,7.0,3.0,9.0,0.0
13.0,36005020900,2.0,3.0,3.0,22.0,5.0,11.0,0.0
5.0,36005021001,4.0,4.0,5.0,5.0,0.0,8.0,0.0
4.0,36005021002,6.0,3.0,7.0,7.0,2.0,6.0,0.0
13.0,36005021100,9.0,1.0,5.0,17.0,2.0,13.0,0.0
8.0,36005021200,8.0,5.0,8.0,10.0,2.0,7.0,0.0
11.0,36005021301,9.0,2.0,2.0,24.0,3.0,8.0,0.0
12.0,36005021302,7.0,2.0,5.0,23.0,3.0,6.0,0.0
6.0,36005021501,7.0,3.0,3.0,20.0,2.0,8.0,1.0
11.0,36005021502,6.0,3.0,3.0,24.0,5.0,5.0,1.0
10.0,36005021601,9.0,7.0,4.0,9.0,2.0,3.0,0.0
9.0,36005021602,7.0,8.0,3.0,10.0,2.0,6.0,0.0
9.0,36005021700,4.0,4.0,4.0,24.0,5.0,12.0,0.0
5.0,36005021800,10.0,3.0,4.0,9.0,2.0,0.0,0.0
14.0,36005021900,9.0,2.0,5.0,24.0,4.0,16.0,0.0
8.0,36005022000,5.0,2.0,5.0,4.0,2.0,3.0,0.0
13.0,36005022101,9.0,2.0,6.0,19.0,4.0,15.0,0.0
14.0,36005022102,6.0,3.0,6.0,18.0,4.0,13.0,0.0
10.0,36005022200,4.0,6.0,8.0,8.0,3.0,9.0,0.0
12.0,36005022300,2.0,0.0,6.0,20.0,4.0,11.0,0.0
6.0,36005022401,6.0,2.0,4.0,13.0,3.0,4.0,0.0
8.0,36005022403,7.0,2.0,5.0,5.0,2.0,3.0,0.0
7.0,36047059600,4.0,13.0,3.0,5.0,0.0,4.0,0.0
5.0,36047059800,4.0,3.0,1.0,4.0,0.0,1.0,0.0
4.0,36047060000,2.0,24.0,5.0,4.0,0.0,6.0,0.0
7.0,36047060600,7.0,26.0,3.0,6.0,1.0,11.0,0.0
4.0,36047060800,5.0,29.0,6.0,7.0,0.0,17.0,0.0
2.0,36047061002,0.0,13.0,2.0,5.0,1.0,9.0,0.0
5.0,36047061003,5.0,14.0,7.0,9.0,2.0,18.0,0.0
4.0,36047061004,5.0,12.0,6.0,8.0,1.0,13.0,0.0
1.0,36047061200,0.0,25.0,4.0,9.0,1.0,2.0,0.0
0.0,36047061600,0.0,1.0,1.0,0.0,0.0,0.0,0.0
1.0,36047062000,0.0,1.0,4.0,6.0,0.0,5.0,0.0
4.0,36047062200,3.0,3.0,2.0,1.0,0.0,1.0,0.0
6.0,36047062600,8.0,11.0,2.0,2.0,0.0,5.0,0.0
0.0,36047062800,7.0,1.0,1.0,3.0,0.0,0.0,0.0
4.0,36047063200,7.0,5.0,0.0,7.0,0.0,2.0,0.0
0.0,36047063600,2.0,11.0,0.0,5.0,0.0,0.0,0.0
5.0,36047063800,1.0,7.0,0.0,6.0,0.0,3.0,0.0
1.0,36047064000,1.0,10.0,0.0,9.0,0.0,1.0,0.0
3.0,36047064200,3.0,11.0,1.0,8.0,0.0,4.0,0.0
1.0,36047064400,1.0,8.0,0.0,10.0,0.0,1.0,0.0
3.0,36047064600,1.0,9.0,2.0,12.0,0.0,1.0,0.0
1.0,36047064800,1.0,16.0,2.0,10.0,0.0,4.0,0.0
2.0,36047065000,1.0,11.0,2.0,10.0,0.0,3.0,0.0
4.0,36047065200,3.0,14.0,3.0,10.0,0.0,4.0,0.0
2.0,36047065400,4.0,13.0,1.0,4.0,0.0,3.0,0.0
3.0,36047065600,3.0,12.0,1.0,10.0,0.0,1.0,0.0
2.0,36047065800,3.0,7.0,0.0,6.0,0.0,2.0,0.0
4.0,36047066000,4.0,5.0,2.0,7.0,0.0,2.0,0.0
6.0,36047066200,4.0,6.0,2.0,2.0,0.0,1.0,0.0
0.0,36047066600,2.0,0.0,0.0,1.0,0.0,0.0,0.0
8.0,36047067000,4.0,15.0,4.0,4.0,0.0,3.0,0.0
5.0,36047067200,3.0,11.0,3.0,6.0,0.0,3.0,0.0
4.0,36047067400,4.0,11.0,3.0,4.0,0.0,4.0,0.0
5.0,36047067600,2.0,9.0,2.0,2.0,0.0,2.0,0.0
9.0,36047067800,5.0,7.0,2.0,2.0,0.0,5.0,0.0
7.0,36047068000,4.0,22.0,3.0,5.0,0.0,3.0,0.0
6.0,36047068200,5.0,16.0,3.0,5.0,0.0,3.0,0.0
5.0,36047068600,5.0,13.0,4.0,4.0,0.0,2.0,0.0
8.0,36047068800,3.0,21.0,2.0,6.0,0.0,2.0,0.0
9.0,36047069000,5.0,20.0,3.0,5.0,0.0,4.0,0.0
5.0,36047069200,4.0,10.0,3.0,3.0,0.0,5.0,0.0
6.0,36047069601,3.0,11.0,2.0,2.0,0.0,4.0,0.0
1.0,36047069602,2.0,12.0,1.0,5.0,0.0,1.0,0.0
7.0,36047069800,1.0,21.0,2.0,6.0,0.0,2.0,0.0
0.0,36047070000,2.0,5.0,0.0,5.0,0.0,1.0,0.0
0.0,36047070201,1.0,4.0,0.0,1.0,0.0,0.0,0.0
0.0,36047070202,0.0,0.0,0.0,3.0,0.0,0.0,0.0
0.0,36047070203,0.0,0.0,0.0,0.0,0.0,0.0,0.0
0.0,36047070600,0.0,0.0,0.0,4.0,0.0,0.0,0.0
7.0,36047072000,5.0,10.0,2.0,1.0,0.0,5.0,0.0
9.0,36047072200,5.0,3.0,0.0,1.0,0.0,3.0,0.0
6.0,36047072400,6.0,8.0,1.0,4.0,0.0,2.0,0.0
4.0,36047072600,6.0,3.0,0.0,4.0,0.0,2.0,0.0
5.0,36047072800,7.0,5.0,0.0,2.0,0.0,5.0,0.0
4.0,36047073000,4.0,4.0,1.0,7.0,0.0,3.0,0.0
5.0,36047073200,5.0,10.0,2.0,3.0,0.0,3.0,0.0
5.0,36047073400,4.0,9.0,3.0,9.0,0.0,5.0,0.0
5.0,36047073600,3.0,9.0,2.0,9.0,0.0,3.0,0.0
4.0,36047073800,2.0,13.0,2.0,10.0,0.0,5.0,0.0
9.0,36047074000,3.0,15.0,3.0,9.0,1.0,6.0,0.0
9.0,36047074200,2.0,15.0,3.0,6.0,1.0,6.0,0.0
7.0,36047074400,3.0,15.0,2.0,11.0,0.0,5.0,0.0
3.0,36047074600,1.0,14.0,0.0,11.0,0.0,4.0,0.0
3.0,36047074800,2.0,14.0,3.0,3.0,0.0,4.0,0.0
7.0,36047075000,2.0,15.0,3.0,3.0,1.0,5.0,0.0
6.0,36047075200,0.0,10.0,4.0,4.0,1.0,3.0,0.0
5.0,36047075400,1.0,11.0,1.0,4.0,0.0,3.0,0.0
5.0,36047075600,3.0,8.0,1.0,9.0,0.0,4.0,0.0
7.0,36047075800,3.0,13.0,1.0,7.0,1.0,6.0,0.0
7.0,36047076000,0.0,8.0,1.0,4.0,1.0,6.0,0.0
4.0,36047076200,0.0,10.0,5.0,5.0,2.0,5.0,0.0
9.0,36047076400,3.0,14.0,5.0,3.0,2.0,3.0,0.0
6.0,36047076600,2.0,19.0,3.0,3.0,2.0,4.0,0.0
8.0,36047076800,4.0,11.0,5.0,2.0,2.0,8.0,0.0
9.0,36047077000,3.0,15.0,3.0,4.0,2.0,5.0,0.0
7.0,36047077200,2.0,16.0,2.0,3.0,2.0,4.0,0.0
7.0,36047077400,1.0,16.0,2.0,4.0,1.0,5.0,0.0
7.0,36047077600,3.0,17.0,3.0,2.0,1.0,5.0,0.0
6.0,36047078000,4.0,4.0,3.0,4.0,1.0,5.0,0.0
7.0,36047078200,3.0,5.0,2.0,4.0,2.0,8.0,0.0
8.0,36047078400,4.0,12.0,3.0,3.0,1.0,6.0,0.0
10.0,36047078600,2.0,15.0,3.0,2.0,2.0,7.0,0.0
7.0,36047078800,4.0,14.0,2.0,2.0,3.0,6.0,0.0
10.0,36047079000,5.0,20.0,4.0,4.0,2.0,5.0,0.0
12.0,36047079200,6.0,18.0,7.0,4.0,2.0,9.0,0.0
12.0,36047079400,6.0,21.0,9.0,6.0,3.0,11.0,0.0
8.0,36047079601,3.0,24.0,5.0,11.0,3.0,12.0,0.0
9.0,36047079602,3.0,28.0,7.0,9.0,3.0,11.0,0.0
6.0,36047079801,2.0,26.0,7.0,17.0,3.0,9.0,0.0
7.0,36047079802,2.0,19.0,5.0,18.0,2.0,8.0,0.0
7.0,36047080000,7.0,26.0,6.0,16.0,4.0,7.0,0.0
10.0,36047080200,4.0,23.0,7.0,13.0,4.0,10.0,0.0
8.0,36047080400,7.0,12.0,4.0,7.0,2.0,8.0,0.0
4.0,36047080600,7.0,15.0,5.0,10.0,0.0,9.0,0.0
7.0,36047080800,4.0,13.0,2.0,4.0,1.0,7.0,0.0
6.0,36047081000,6.0,12.0,3.0,10.0,1.0,9.0,0.0
9.0,36047081400,4.0,14.0,3.0,2.0,1.0,6.0,0.0
11.0,36047081600,5.0,14.0,4.0,2.0,2.0,9.0,0.0
11.0,36047081800,6.0,13.0,6.0,5.0,2.0,7.0,0.0
13.0,36047082000,5.0,24.0,7.0,7.0,2.0,9.0,0.0
